1,Struthio,camelus,2015/10/28 03:59,U,0,1
2,Alectoris,chukar,2015/10/28 03:59,U,0,1
3,Peliperdix,coqui,2015/10/28 03:59,U,0,1
4,Dendroperdix,sephaena,2015/10/28 03:59,U,0,1
5,Scleroptila,africanus,2015/10/28 03:59,U,0,1
6,Scleroptila,levaillantii,2015/10/28 03:59,U,0,1
7,Scleroptila,shelleyi,2015/10/28 03:59,U,0,1
8,Scleroptila,levaillantoides,2015/10/28 03:59,U,0,1
9,Pternistis,hartlaubi,2015/10/28 03:59,U,0,1
10,Pternistis,adspersus,2015/10/28 03:59,U,0,1
11,Pternistis,capensis,2015/10/28 03:59,U,0,1
12,Pternistis,natalensis,2015/10/28 03:59,U,0,1
13,Pternistis,afer,2015/10/28 03:59,U,0,1
14,Pternistis,swainsonii,2015/10/28 03:59,U,0,1
15,Coturnix,coturnix,2015/10/28 03:59,U,0,1
16,Coturnix,delegorguei,2015/10/28 03:59,U,0,1
17,Coturnix,adansonii,2015/10/28 03:59,U,0,1
18,Pavo,cristatus,2015/10/28 03:59,U,0,1
19,Guttera,edouardi,2015/10/28 03:59,U,0,1
20,Numida,meleagris,2015/10/28 03:59,U,0,1
21,Dendrocygna,bicolor,2015/10/28 03:59,U,0,1
22,Dendrocygna,viduata,2015/10/28 03:59,U,0,1
23,Thalassornis,leuconotus,2015/10/28 03:59,U,0,1
24,Oxyura,maccoa,2015/10/28 03:59,U,0,1
25,Alopochen,aegyptiaca,2015/10/28 03:59,U,0,1
26,Tadorna,cana,2015/10/28 03:59,U,0,1
27,Plectropterus,gambensis,2015/10/28 03:59,U,0,1
28,Sarkidiornis,melanotos,2015/10/28 03:59,U,0,1
29,Nettapus,auritus,2015/10/28 03:59,U,0,1
30,Anas,capensis,2015/10/28 03:59,U,0,1
31,Anas,sparsa,2015/10/28 03:59,U,0,1
32,Anas,platyrhynchos,2015/10/28 03:59,U,0,1
33,Anas,undulata,2015/10/28 03:59,U,0,1
34,Anas,smithii,2015/10/28 03:59,U,0,1
35,Anas,clypeata,2015/10/28 03:59,U,0,1
36,Anas,erythrorhyncha,2015/10/28 03:59,U,0,1
37,Anas,acuta,2015/10/28 03:59,U,0,1
38,Anas,querquedula,2015/10/28 03:59,U,0,1
39,Anas,hottentota,2015/10/28 03:59,U,0,1
40,Netta,erythrophthalma,2015/10/28 03:59,U,0,1
41,Turnix,sylvaticus,2015/10/28 03:59,U,0,1
42,Turnix,nanus,2015/10/28 03:59,U,0,1
43,Turnix,hottentottus,2015/10/28 03:59,U,0,1
44,Indicator,variegatus,2015/10/28 03:59,U,0,1
45,Indicator,indicator,2015/10/28 03:59,U,0,1
46,Indicator,minor,2015/10/28 03:59,U,0,1
47,Indicator,meliphilus,2015/10/28 03:59,U,0,1
48,Prodotiscus,zambesiae,2015/10/28 03:59,U,0,1
49,Prodotiscus,regulus,2015/10/28 03:59,U,0,1
50,Jynx,ruficollis,2015/10/28 03:59,U,0,1
51,Campethera,bennettii,2015/10/28 03:59,U,0,1
52,Campethera,scriptoricauda,2015/10/28 03:59,U,0,1
53,Campethera,abingoni,2015/10/28 03:59,U,0,1
54,Campethera,notata,2015/10/28 03:59,U,0,1
55,Campethera,cailliautii,2015/10/28 03:59,U,0,1
56,Geocolaptes,olivaceus,2015/10/28 03:59,U,0,1
57,Dendropicos,fuscescens,2015/10/28 03:59,U,0,1
58,Dendropicos,namaquus,2015/10/28 03:59,U,0,1
59,Dendropicos,griseocephalus,2015/10/28 03:59,U,0,1
60,Stactolaema,leucotis,2015/10/28 03:59,U,0,1
61,Stactolaema,whytii,2015/10/28 03:59,U,0,1
62,Stactolaema,olivacea,2015/10/28 03:59,U,0,1
63,Pogoniulus,simplex,2015/10/28 03:59,U,0,1
64,Pogoniulus,bilineatus,2015/10/28 03:59,U,0,1
65,Pogoniulus,chrysoconus,2015/10/28 03:59,U,0,1
66,Pogoniulus,pusillus,2015/10/28 03:59,U,0,1
67,Tricholaema,leucomelas,2015/10/28 03:59,U,0,1
68,Lybius,torquatus,2015/10/28 03:59,U,0,1
69,Trachyphonus,vaillantii,2015/10/28 03:59,U,0,1
70,Tockus,monteiri,2015/10/28 03:59,U,0,1
71,Tockus,erythrorhynchus,2015/10/28 03:59,U,0,1
72,Tockus,damarensis,2015/10/28 03:59,U,0,1
73,Tockus,leucomelas,2015/10/28 03:59,U,0,1
74,Tockus,alboterminatus,2015/10/28 03:59,U,0,1
75,Tockus,bradfieldi,2015/10/28 03:59,U,0,1
76,Tockus,nasutus,2015/10/28 03:59,U,0,1
77,Bycanistes,bucinator,2015/10/28 03:59,U,0,1
78,Bycanistes,brevis,2015/10/28 03:59,U,0,1
79,Bucorvus,leadbeateri,2015/10/28 03:59,U,0,1
80,Upupa,africana,2015/10/28 03:59,U,0,1
81,Phoeniculus,purpureus,2015/10/28 03:59,U,0,1
82,Phoeniculus,damarensis,2015/10/28 03:59,U,0,1
83,Rhinopomastus,cyanomelas,2015/10/28 03:59,U,0,1
84,Apaloderma,narina,2015/10/28 03:59,U,0,1
85,Coracias,garrulus,2015/10/28 03:59,U,0,1
86,Coracias,caudatus,2015/10/28 03:59,U,0,1
87,Coracias,spatulatus,2015/10/28 03:59,U,0,1
88,Coracias,naevius,2015/10/28 03:59,U,0,1
89,Eurystomus,glaucurus,2015/10/28 03:59,U,0,1
90,Alcedo,semitorquata,2015/10/28 03:59,U,0,1
91,Alcedo,cristata,2015/10/28 03:59,U,0,1
92,Ispidina,picta,2015/10/28 03:59,U,0,1
93,Halcyon,leucocephala,2015/10/28 03:59,U,0,1
94,Halcyon,senegalensis,2015/10/28 03:59,U,0,1
95,Halcyon,senegaloides,2015/10/28 03:59,U,0,1
96,Halcyon,albiventris,2015/10/28 03:59,U,0,1
97,Halcyon,chelicuti,2015/10/28 03:59,U,0,1
98,Megaceryle,maximus,2015/10/28 03:59,U,0,1
99,Ceryle,rudis,2015/10/28 03:59,U,0,1
100,Merops,bullockoides,2015/10/28 03:59,U,0,1
101,Merops,pusillus,2015/10/28 03:59,U,0,1
102,Merops,hirundineus,2015/10/28 03:59,U,0,1
103,Merops,albicollis,2015/10/28 03:59,U,0,1
104,Merops,boehmi,2015/10/28 03:59,U,0,1
105,Merops,persicus,2015/10/28 03:59,U,0,1
106,Merops,superciliosus,2015/10/28 03:59,U,0,1
107,Merops,apiaster,2015/10/28 03:59,U,0,1
108,Merops,nubicoides,2015/10/28 03:59,U,0,1
109,Colius,colius,2015/10/28 03:59,U,0,1
110,Colius,striatus,2015/10/28 03:59,U,0,1
111,Urocolius,indicus,2015/10/28 03:59,U,0,1
112,Clamator,jacobinus,2015/10/28 03:59,U,0,1
113,Clamator,levaillantii,2015/10/28 03:59,U,0,1
114,Clamator,glandarius,2015/10/28 03:59,U,0,1
115,Pachycoccyx,audeberti,2015/10/28 03:59,U,0,1
116,Cuculus,solitarius,2015/10/28 03:59,U,0,1
117,Cuculus,clamosus,2015/10/28 03:59,U,0,1
118,Cuculus,canorus,2015/10/28 03:59,U,0,1
119,Cuculus,gularis,2015/10/28 03:59,U,0,1
120,Cuculus,poliocephalus,2015/10/28 03:59,U,0,1
121,Cuculus,rochii,2015/10/28 03:59,U,0,1
122,Cercococcyx,montanus,2015/10/28 03:59,U,0,1
123,Chrysococcyx,klaas,2015/10/28 03:59,U,0,1
124,Chrysococcyx,cupreus,2015/10/28 03:59,U,0,1
125,Chrysococcyx,caprius,2015/10/28 03:59,U,0,1
126,Ceuthmochares,aereus,2015/10/28 03:59,U,0,1
127,Centropus,grillii,2015/10/28 03:59,U,0,1
128,Centropus,cupreicaudus,2015/10/28 03:59,U,0,1
129,Centropus,senegalensis,2015/10/28 03:59,U,0,1
130,Centropus,superciliosus,2015/10/28 03:59,U,0,1
131,Centropus,burchellii,2015/10/28 03:59,U,0,1
132,Poicephalus,robustus,2015/10/28 03:59,U,0,1
133,Poicephalus,fuscicollis,2015/10/28 03:59,U,0,1
134,Poicephalus,meyeri,2015/10/28 03:59,U,0,1
135,Poicephalus,cryptoxanthus,2015/10/28 03:59,U,0,1
136,Poicephalus,rueppellii,2015/10/28 03:59,U,0,1
137,Agapornis,roseicollis,2015/10/28 03:59,U,0,1
138,Agapornis,lilianae,2015/10/28 03:59,U,0,1
139,Agapornis,nigrigenis,2015/10/28 03:59,U,0,1
140,Psittacula,krameri,2015/10/28 03:59,U,0,1
141,Schoutedenapus,myoptilus,2015/10/28 03:59,U,0,1
142,Telacanthura,ussheri,2015/10/28 03:59,U,0,1
143,Neafrapus,boehmi,2015/10/28 03:59,U,0,1
144,Cypsiurus,parvus,2015/10/28 03:59,U,0,1
145,Tachymarptis,melba,2015/10/28 03:59,U,0,1
146,Tachymarptis,aequatorialis,2015/10/28 03:59,U,0,1
147,Apus,apus,2015/10/28 03:59,U,0,1
148,Apus,pallidus,2015/10/28 03:59,U,0,1
149,Apus,barbatus,2015/10/28 03:59,U,0,1
150,Apus,bradfieldi,2015/10/28 03:59,U,0,1
151,Apus,affinis,2015/10/28 03:59,U,0,1
152,Apus,horus,2015/10/28 03:59,U,0,1
153,Apus,caffer,2015/10/28 03:59,U,0,1
154,Tauraco,schalowi,2015/10/28 03:59,U,0,1
155,Tauraco,livingstonii,2015/10/28 03:59,U,0,1
156,Tauraco,corythaix,2015/10/28 03:59,U,0,1
157,Musophaga,rossae,2015/10/28 03:59,U,0,1
158,Gallirex,porphyreolophus,2015/10/28 03:59,U,0,1
159,Corythaixoides,concolor,2015/10/28 03:59,U,0,1
160,Tyto,alba,2015/10/28 03:59,U,0,1
161,Tyto,capensis,2015/10/28 03:59,U,0,1
162,Otus,senegalensis,2015/10/28 03:59,U,0,1
163,Ptilopsus,granti,2015/10/28 03:59,U,0,1
164,Bubo,capensis,2015/10/28 03:59,U,0,1
165,Bubo,africanus,2015/10/28 03:59,U,0,1
166,Bubo,lacteus,2015/10/28 03:59,U,0,1
167,Scotopelia,peli,2015/10/28 03:59,U,0,1
168,Strix,woodfordii,2015/10/28 03:59,U,0,1
169,Glaucidium,perlatum,2015/10/28 03:59,U,0,1
170,Glaucidium,capense,2015/10/28 03:59,U,0,1
171,Asio,capensis,2015/10/28 03:59,U,0,1
172,Caprimulgus,pectoralis,2015/10/28 03:59,U,0,1
173,Caprimulgus,tristigma,2015/10/28 03:59,U,0,1
174,Caprimulgus,natalensis,2015/10/28 03:59,U,0,1
175,Caprimulgus,fossii,2015/10/28 03:59,U,0,1
176,Caprimulgus,rufigena,2015/10/28 03:59,U,0,1
177,Caprimulgus,europaeus,2015/10/28 03:59,U,0,1
178,Macrodipteryx,vexillarius,2015/10/28 03:59,U,0,1
179,Columba,livia,2015/10/28 03:59,U,0,1
180,Columba,guinea,2015/10/28 03:59,U,0,1
181,Columba,arquatrix,2015/10/28 03:59,U,0,1
182,Columba,delegorguei,2015/10/28 03:59,U,0,1
183,Aplopelia,larvata,2015/10/28 03:59,U,0,1
184,Streptopelia,turtur,2015/10/28 03:59,U,0,1
185,Streptopelia,senegalensis,2015/10/28 03:59,U,0,1
186,Streptopelia,decipiens,2015/10/28 03:59,U,0,1
187,Streptopelia,capicola,2015/10/28 03:59,U,0,1
188,Streptopelia,semitorquata,2015/10/28 03:59,U,0,1
189,Turtur,chalcospilos,2015/10/28 03:59,U,0,1
190,Turtur,afer,2015/10/28 03:59,U,0,1
191,Turtur,tympanistria,2015/10/28 03:59,U,0,1
192,Oena,capensis,2015/10/28 03:59,U,0,1
193,Treron,calvus,2015/10/28 03:59,U,0,1
194,Neotis,denhami,2015/10/28 03:59,U,0,1
195,Neotis,ludwigii,2015/10/28 03:59,U,0,1
196,Ardeotis,kori,2015/10/28 03:59,U,0,1
197,Lophotis,ruficrista,2015/10/28 03:59,U,0,1
198,Afrotis,afra,2015/10/28 03:59,U,0,1
199,Afrotis,afraoides,2015/10/28 03:59,U,0,1
200,Eupodotis,rueppellii,2015/10/28 03:59,U,0,1
201,Eupodotis,vigorsii,2015/10/28 03:59,U,0,1
202,Eupodotis,caerulescens,2015/10/28 03:59,U,0,1
203,Eupodotis,senegalensis,2015/10/28 03:59,U,0,1
204,Lissotis,melanogaster,2015/10/28 03:59,U,0,1
205,Balearica,regulorum,2015/10/28 03:59,U,0,1
206,Anthropoides,paradiseus,2015/10/28 03:59,U,0,1
207,Bugeranus,carunculatus,2015/10/28 03:59,U,0,1
208,Podica,senegalensis,2015/10/28 03:59,U,0,1
209,Sarothrura,elegans,2015/10/28 03:59,U,0,1
210,Sarothrura,rufa,2015/10/28 03:59,U,0,1
211,Sarothrura,boehmi,2015/10/28 03:59,U,0,1
212,Sarothrura,affinis,2015/10/28 03:59,U,0,1
213,Sarothrura,ayresi,2015/10/28 03:59,U,0,1
214,Rallus,caerulescens,2015/10/28 03:59,U,0,1
215,Crecopsis,egregia,2015/10/28 03:59,U,0,1
216,Crex,crex,2015/10/28 03:59,U,0,1
217,Amaurornis,flavirostris,2015/10/28 03:59,U,0,1
218,Porzana,pusilla,2015/10/28 03:59,U,0,1
219,Porzana,porzana,2015/10/28 03:59,U,0,1
220,Aenigmatolimnas,marginalis,2015/10/28 03:59,U,0,1
221,Porphyrio,madagascariensis,2015/10/28 03:59,U,0,1
222,Porphyrio,alleni,2015/10/28 03:59,U,0,1
223,Porphyrio,martinicus,2015/10/28 03:59,U,0,1
224,Gallinula,chloropus,2015/10/28 03:59,U,0,1
225,Gallinula,angulata,2015/10/28 03:59,U,0,1
226,Fulica,cristata,2015/10/28 03:59,U,0,1
227,Pterocles,namaqua,2015/10/28 03:59,U,0,1
228,Pterocles,gutturalis,2015/10/28 03:59,U,0,1
229,Pterocles,bicinctus,2015/10/28 03:59,U,0,1
230,Pterocles,burchelli,2015/10/28 03:59,U,0,1
231,Gallinago,media,2015/10/28 03:59,U,0,1
232,Gallinago,nigripennis,2015/10/28 03:59,U,0,1
233,Limosa,limosa,2015/10/28 03:59,U,0,1
234,Limosa,haemastica,2015/10/28 03:59,U,0,1
235,Limosa,lapponica,2015/10/28 03:59,U,0,1
236,Numenius,phaeopus,2015/10/28 03:59,U,0,1
237,Numenius,arquata,2015/10/28 03:59,U,0,1
238,Tringa,erythropus,2015/10/28 03:59,U,0,1
239,Tringa,totanus,2015/10/28 03:59,U,0,1
240,Tringa,stagnatilis,2015/10/28 03:59,U,0,1
241,Tringa,nebularia,2015/10/28 03:59,U,0,1
242,Tringa,melanoleuca,2015/10/28 03:59,U,0,1
243,Tringa,flavipes,2015/10/28 03:59,U,0,1
244,Tringa,ochropus,2015/10/28 03:59,U,0,1
245,Tringa,glareola,2015/10/28 03:59,U,0,1
246,Xenus,cinereus,2015/10/28 03:59,U,0,1
247,Actitis,hypoleucos,2015/10/28 03:59,U,0,1
248,Arenaria,interpres,2015/10/28 03:59,U,0,1
249,Calidris,canutus,2015/10/28 03:59,U,0,1
250,Calidris,tenuirostris,2015/10/28 03:59,U,0,1
251,Calidris,alba,2015/10/28 03:59,U,0,1
252,Calidris,minuta,2015/10/28 03:59,U,0,1
253,Calidris,ruficollis,2015/10/28 03:59,U,0,1
254,Calidris,temminckii,2015/10/28 03:59,U,0,1
255,Calidris,subminuta,2015/10/28 03:59,U,0,1
256,Calidris,bairdii,2015/10/28 03:59,U,0,1
257,Calidris,fuscicollis,2015/10/28 03:59,U,0,1
258,Calidris,melanotos,2015/10/28 03:59,U,0,1
259,Calidris,alpina,2015/10/28 03:59,U,0,1
260,Calidris,ferruginea,2015/10/28 03:59,U,0,1
261,Tryngites,subruficollis,2015/10/28 03:59,U,0,1
262,Limicola,falcinellus,2015/10/28 03:59,U,0,1
263,Philomachus,pugnax,2015/10/28 03:59,U,0,1
264,Steganopus,tricolor,2015/10/28 03:59,U,0,1
265,Phalaropus,lobatus,2015/10/28 03:59,U,0,1
266,Phalaropus,fulicaria,2015/10/28 03:59,U,0,1
267,Rostratula,benghalensis,2015/10/28 03:59,U,0,1
268,Actophilornis,africanus,2015/10/28 03:59,U,0,1
269,Microparra,capensis,2015/10/28 03:59,U,0,1
270,Chionis,albus,2015/10/28 03:59,U,0,1
271,Burhinus,vermiculatus,2015/10/28 03:59,U,0,1
272,Burhinus,capensis,2015/10/28 03:59,U,0,1
273,Haematopus,ostralegus,2015/10/28 03:59,U,0,1
274,Haematopus,moquini,2015/10/28 03:59,U,0,1
275,Himantopus,himantopus,2015/10/28 03:59,U,0,1
276,Recurvirostra,avosetta,2015/10/28 03:59,U,0,1
277,Pluvialis,fulva,2015/10/28 03:59,U,0,1
278,Pluvialis,dominica,2015/10/28 03:59,U,0,1
279,Pluvialis,squatarola,2015/10/28 03:59,U,0,1
280,Charadrius,hiaticula,2015/10/28 03:59,U,0,1
281,Charadrius,dubius,2015/10/28 03:59,U,0,1
282,Charadrius,pecuarius,2015/10/28 03:59,U,0,1
283,Charadrius,tricollaris,2015/10/28 03:59,U,0,1
284,Charadrius,pallidus,2015/10/28 03:59,U,0,1
285,Charadrius,alexandrinus,2015/10/28 03:59,U,0,1
286,Charadrius,marginatus,2015/10/28 03:59,U,0,1
287,Charadrius,mongolus,2015/10/28 03:59,U,0,1
288,Charadrius,leschenaultii,2015/10/28 03:59,U,0,1
289,Charadrius,asiaticus,2015/10/28 03:59,U,0,1
290,Vanellus,crassirostris,2015/10/28 03:59,U,0,1
291,Vanellus,armatus,2015/10/28 03:59,U,0,1
292,Vanellus,spinosus,2015/10/28 03:59,U,0,1
293,Vanellus,albiceps,2015/10/28 03:59,U,0,1
294,Vanellus,senegallus,2015/10/28 03:59,U,0,1
295,Vanellus,lugubris,2015/10/28 03:59,U,0,1
296,Vanellus,melanopterus,2015/10/28 03:59,U,0,1
297,Vanellus,coronatus,2015/10/28 03:59,U,0,1
298,Dromas,ardeola,2015/10/28 03:59,U,0,1
299,Rhinoptilus,africanus,2015/10/28 03:59,U,0,1
300,Rhinoptilus,chalcopterus,2015/10/28 03:59,U,0,1
301,Rhinoptilus,cinctus,2015/10/28 03:59,U,0,1
302,Cursorius,rufus,2015/10/28 03:59,U,0,1
303,Cursorius,temminckii,2015/10/28 03:59,U,0,1
304,Glareola,pratincola,2015/10/28 03:59,U,0,1
305,Glareola,nordmanni,2015/10/28 03:59,U,0,1
306,Glareola,nuchalis,2015/10/28 03:59,U,0,1
307,Catharacta,antarctica,2015/10/28 03:59,U,0,1
308,Catharacta,maccormicki,2015/10/28 03:59,U,0,1
309,Stercorarius,pomarinus,2015/10/28 03:59,U,0,1
310,Stercorarius,parasiticus,2015/10/28 03:59,U,0,1
311,Stercorarius,longicaudus,2015/10/28 03:59,U,0,1
312,Rynchops,flavirostris,2015/10/28 03:59,U,0,1
313,Larus,dominicanus,2015/10/28 03:59,U,0,1
314,Larus,fuscus,2015/10/28 03:59,U,0,1
315,Larus,heuglini,2015/10/28 03:59,U,0,1
316,Larus,cirrocephalus,2015/10/28 03:59,U,0,1
317,Larus,hartlaubii,2015/10/28 03:59,U,0,1
318,Larus,ridibundus,2015/10/28 03:59,U,0,1
319,Larus,genei,2015/10/28 03:59,U,0,1
320,Larus,pipixcan,2015/10/28 03:59,U,0,1
321,Larus,sabini,2015/10/28 03:59,U,0,1
322,Rissa,tridactyla,2015/10/28 03:59,U,0,1
323,Sterna,nilotica,2015/10/28 03:59,U,0,1
324,Sterna,caspia,2015/10/28 03:59,U,0,1
325,Sterna,maxima,2015/10/28 03:59,U,0,1
326,Sterna,bengalensis,2015/10/28 03:59,U,0,1
327,Sterna,bergii,2015/10/28 03:59,U,0,1
328,Sterna,sandvicensis,2015/10/28 03:59,U,0,1
329,Sterna,dougallii,2015/10/28 03:59,U,0,1
330,Sterna,sumatrana,2015/10/28 03:59,U,0,1
331,Sterna,hirundo,2015/10/28 03:59,U,0,1
332,Sterna,paradisaea,2015/10/28 03:59,U,0,1
333,Sterna,vittata,2015/10/28 03:59,U,0,1
334,Sterna,albifrons,2015/10/28 03:59,U,0,1
335,Sterna,balaenarum,2015/10/28 03:59,U,0,1
336,Sterna,repressa,2015/10/28 03:59,U,0,1
337,Sterna,anaethetus,2015/10/28 03:59,U,0,1
338,Sterna,fuscata,2015/10/28 03:59,U,0,1
339,Chlidonias,hybrida,2015/10/28 03:59,U,0,1
340,Chlidonias,leucopterus,2015/10/28 03:59,U,0,1
341,Chlidonias,niger,2015/10/28 03:59,U,0,1
342,Anous,stolidus,2015/10/28 03:59,U,0,1
343,Anous,tenuirostris,2015/10/28 03:59,U,0,1
344,Pandion,haliaetus,2015/10/28 03:59,U,0,1
345,Aviceda,cuculoides,2015/10/28 03:59,U,0,1
346,Pernis,apivorus,2015/10/28 03:59,U,0,1
347,Macheiramphus,alcinus,2015/10/28 03:59,U,0,1
348,Elanus,caeruleus,2015/10/28 03:59,U,0,1
349,Milvus,migrans,2015/10/28 03:59,U,0,1
350,Milvus,parasitus,2015/10/28 03:59,U,0,1
351,Milvus,migrans,2015/10/28 03:59,U,0,1
352,Haliaeetus,vocifer,2015/10/28 03:59,U,0,1
353,Gypohierax,angolensis,2015/10/28 03:59,U,0,1
354,Gypaetus,barbatus,2015/10/28 03:59,U,0,1
355,Neophron,percnopterus,2015/10/28 03:59,U,0,1
356,Necrosyrtes,monachus,2015/10/28 03:59,U,0,1
357,Gyps,africanus,2015/10/28 03:59,U,0,1
358,Gyps,rueppellii,2015/10/28 03:59,U,0,1
359,Gyps,coprotheres,2015/10/28 03:59,U,0,1
360,Torgos,tracheliotus,2015/10/28 03:59,U,0,1
361,Trigonoceps,occipitalis,2015/10/28 03:59,U,0,1
362,Circaetus,pectoralis,2015/10/28 03:59,U,0,1
363,Circaetus,cinereus,2015/10/28 03:59,U,0,1
364,Circaetus,fasciolatus,2015/10/28 03:59,U,0,1
365,Circaetus,cinerascens,2015/10/28 03:59,U,0,1
366,Terathopius,ecaudatus,2015/10/28 03:59,U,0,1
367,Circus,aeruginosus,2015/10/28 03:59,U,0,1
368,Circus,ranivorus,2015/10/28 03:59,U,0,1
369,Circus,maurus,2015/10/28 03:59,U,0,1
370,Circus,macrourus,2015/10/28 03:59,U,0,1
371,Circus,pygargus,2015/10/28 03:59,U,0,1
372,Polyboroides,typus,2015/10/28 03:59,U,0,1
373,Kaupifalco,monogrammicus,2015/10/28 03:59,U,0,1
374,Melierax,metabates,2015/10/28 03:59,U,0,1
375,Melierax,canorus,2015/10/28 03:59,U,0,1
376,Melierax,gabar,2015/10/28 03:59,U,0,1
377,Accipiter,tachiro,2015/10/28 03:59,U,0,1
378,Accipiter,badius,2015/10/28 03:59,U,0,1
379,Accipiter,minullus,2015/10/28 03:59,U,0,1
380,Accipiter,ovampensis,2015/10/28 03:59,U,0,1
381,Accipiter,rufiventris,2015/10/28 03:59,U,0,1
382,Accipiter,melanoleucus,2015/10/28 03:59,U,0,1
383,Buteo,vulpinus,2015/10/28 03:59,U,0,1
384,Buteo,trizonatus,2015/10/28 03:59,U,0,1
385,Buteo,rufinus,2015/10/28 03:59,U,0,1
386,Buteo,augur,2015/10/28 03:59,U,0,1
387,Buteo,rufofuscus,2015/10/28 03:59,U,0,1
388,Aquila,nipalensis,2015/10/28 03:59,U,0,1
389,Aquila,rapax,2015/10/28 03:59,U,0,1
390,Aquila,pomarina,2015/10/28 03:59,U,0,1
391,Aquila,verreauxii,2015/10/28 03:59,U,0,1
392,Aquila,spilogaster,2015/10/28 03:59,U,0,1
393,Aquila,ayresii,2015/10/28 03:59,U,0,1
394,Aquila,pennatus,2015/10/28 03:59,U,0,1
395,Aquila,wahlbergi,2015/10/28 03:59,U,0,1
396,Polemaetus,bellicosus,2015/10/28 03:59,U,0,1
397,Lophaetus,occipitalis,2015/10/28 03:59,U,0,1
398,Stephanoaetus,coronatus,2015/10/28 03:59,U,0,1
399,Sagittarius,serpentarius,2015/10/28 03:59,U,0,1
400,Polihierax,semitorquatus,2015/10/28 03:59,U,0,1
401,Falco,naumanni,2015/10/28 03:59,U,0,1
402,Falco,rupicolis,2015/10/28 03:59,U,0,1
403,Falco,rupicoloides,2015/10/28 03:59,U,0,1
404,Falco,ardosiaceus,2015/10/28 03:59,U,0,1
405,Falco,dickinsoni,2015/10/28 03:59,U,0,1
406,Falco,chicquera,2015/10/28 03:59,U,0,1
407,Falco,vespertinus,2015/10/28 03:59,U,0,1
408,Falco,amurensis,2015/10/28 03:59,U,0,1
409,Falco,eleonorae,2015/10/28 03:59,U,0,1
410,Falco,concolor,2015/10/28 03:59,U,0,1
411,Falco,subbuteo,2015/10/28 03:59,U,0,1
412,Falco,cuvierii,2015/10/28 03:59,U,0,1
413,Falco,biarmicus,2015/10/28 03:59,U,0,1
414,Falco,peregrinus,2015/10/28 03:59,U,0,1
415,Falco,fasciinucha,2015/10/28 03:59,U,0,1
416,Tachybaptus,ruficollis,2015/10/28 03:59,U,0,1
417,Podiceps,cristatus,2015/10/28 03:59,U,0,1
418,Podiceps,nigricollis,2015/10/28 03:59,U,0,1
419,Phaethon,aethereus,2015/10/28 03:59,U,0,1
420,Phaethon,rubricauda,2015/10/28 03:59,U,0,1
421,Phaethon,lepturus,2015/10/28 03:59,U,0,1
422,Morus,capensis,2015/10/28 03:59,U,0,1
423,Morus,serrator,2015/10/28 03:59,U,0,1
424,Sula,sula,2015/10/28 03:59,U,0,1
425,Sula,leucogaster,2015/10/28 03:59,U,0,1
426,Anhinga,rufa,2015/10/28 03:59,U,0,1
427,Phalacrocorax,africanus,2015/10/28 03:59,U,0,1
428,Phalacrocorax,coronatus,2015/10/28 03:59,U,0,1
429,Phalacrocorax,lucidus,2015/10/28 03:59,U,0,1
430,Phalacrocorax,neglectus,2015/10/28 03:59,U,0,1
431,Phalacrocorax,capensis,2015/10/28 03:59,U,0,1
432,Egretta,vinaceigula,2015/10/28 03:59,U,0,1
433,Egretta,ardesiaca,2015/10/28 03:59,U,0,1
434,Egretta,garzetta,2015/10/28 03:59,U,0,1
435,Egretta,caerulea,2015/10/28 03:59,U,0,1
436,Egretta,intermedia,2015/10/28 03:59,U,0,1
437,Egretta,alba,2015/10/28 03:59,U,0,1
438,Egretta,gularis,2015/10/28 03:59,U,0,1
439,Egretta,thula,2015/10/28 03:59,U,0,1
440,Ardea,cinerea,2015/10/28 03:59,U,0,1
441,Ardea,melanocephala,2015/10/28 03:59,U,0,1
442,Ardea,goliath,2015/10/28 03:59,U,0,1
443,Ardea,purpurea,2015/10/28 03:59,U,0,1
444,Bubulcus,ibis,2015/10/28 03:59,U,0,1
445,Ardeola,ralloides,2015/10/28 03:59,U,0,1
446,Ardeola,idae,2015/10/28 03:59,U,0,1
447,Ardeola,rufiventris,2015/10/28 03:59,U,0,1
448,Butorides,striata,2015/10/28 03:59,U,0,1
449,Nycticorax,nycticorax,2015/10/28 03:59,U,0,1
450,Gorsachius,leuconotus,2015/10/28 03:59,U,0,1
451,Ixobrychus,minutus,2015/10/28 03:59,U,0,1
452,Ixobrychus,sturmii,2015/10/28 03:59,U,0,1
453,Botaurus,stellaris,2015/10/28 03:59,U,0,1
454,Scopus,umbretta,2015/10/28 03:59,U,0,1
455,Phoenicopterus,ruber,2015/10/28 03:59,U,0,1
456,Phoenicopterus,minor,2015/10/28 03:59,U,0,1
457,Plegadis,falcinellus,2015/10/28 03:59,U,0,1
458,Bostrychia,hagedash,2015/10/28 03:59,U,0,1
459,Geronticus,calvus,2015/10/28 03:59,U,0,1
460,Threskiornis,aethiopicus,2015/10/28 03:59,U,0,1
461,Platalea,alba,2015/10/28 03:59,U,0,1
462,Pelecanus,onocrotalus,2015/10/28 03:59,U,0,1
463,Pelecanus,rufescens,2015/10/28 03:59,U,0,1
464,Mycteria,ibis,2015/10/28 03:59,U,0,1
465,Anastomus,lamelligerus,2015/10/28 03:59,U,0,1
466,Ciconia,nigra,2015/10/28 03:59,U,0,1
467,Ciconia,abdimii,2015/10/28 03:59,U,0,1
468,Ciconia,episcopus,2015/10/28 03:59,U,0,1
469,Ciconia,ciconia,2015/10/28 03:59,U,0,1
470,Ephippiorhynchus,senegalensis,2015/10/28 03:59,U,0,1
471,Leptoptilos,crumeniferus,2015/10/28 03:59,U,0,1
472,Fregata,minor,2015/10/28 03:59,U,0,1
473,Fregata,ariel,2015/10/28 03:59,U,0,1
474,Aptenodytes,patagonicus,2015/10/28 03:59,U,0,1
475,Pygoscelis,papua,2015/10/28 03:59,U,0,1
476,Eudyptes,chrysolophus,2015/10/28 03:59,U,0,1
477,Eudyptes,chrysocome,2015/10/28 03:59,U,0,1
478,Spheniscus,demersus,2015/10/28 03:59,U,0,1
479,Spheniscus,magellanicus,2015/10/28 03:59,U,0,1
480,Oceanites,oceanicus,2015/10/28 03:59,U,0,1
481,Pelagodroma,marina,2015/10/28 03:59,U,0,1
482,Fregetta,tropica,2015/10/28 03:59,U,0,1
483,Fregetta,grallaria,2015/10/28 03:59,U,0,1
484,Hydrobates,pelagicus,2015/10/28 03:59,U,0,1
485,Oceanodroma,leucorhoa,2015/10/28 03:59,U,0,1
486,Oceanodroma,matsudairae,2015/10/28 03:59,U,0,1
487,Diomedea,exulans,2015/10/28 03:59,U,0,1
488,Diomedea,dabbenena,2015/10/28 03:59,U,0,1
489,Diomedea,epomophora,2015/10/28 03:59,U,0,1
490,Diomedea,sanfordi,2015/10/28 03:59,U,0,1
491,Phoebastria,immutabilis,2015/10/28 03:59,U,0,1
492,Thalassarche,cauta,2015/10/28 03:59,U,0,1
493,Thalassarche,salvini,2015/10/28 03:59,U,0,1
494,Thalassarche,eremita,2015/10/28 03:59,U,0,1
495,Thalassarche,bulleri,2015/10/28 03:59,U,0,1
496,Thalassarche,melanophris,2015/10/28 03:59,U,0,1
497,Thalassarche,chrysostoma,2015/10/28 03:59,U,0,1
498,Thalassarche,chlororhynchos,2015/10/28 03:59,U,0,1
499,Thalassarche,carteri,2015/10/28 03:59,U,0,1
500,Phoebetria,fusca,2015/10/28 03:59,U,0,1
501,Phoebetria,palpebrata,2015/10/28 03:59,U,0,1
502,Macronectes,giganteus,2015/10/28 03:59,U,0,1
503,Macronectes,halli,2015/10/28 03:59,U,0,1
504,Fulmarus,glacialoides,2015/10/28 03:59,U,0,1
505,Thalassoica,antarctica,2015/10/28 03:59,U,0,1
506,Daption,capense,2015/10/28 03:59,U,0,1
507,Pterodroma,macroptera,2015/10/28 03:59,U,0,1
508,Pterodroma,lessonii,2015/10/28 03:59,U,0,1
509,Pterodroma,incerta,2015/10/28 03:59,U,0,1
510,Pterodroma,baraui,2015/10/28 03:59,U,0,1
511,Pterodroma,mollis,2015/10/28 03:59,U,0,1
512,Lugensa,brevirostris,2015/10/28 03:59,U,0,1
513,Halobaena,caerulea,2015/10/28 03:59,U,0,1
514,Pachyptila,vittata,2015/10/28 03:59,U,0,1
515,Pachyptila,salvini,2015/10/28 03:59,U,0,1
516,Pachyptila,desolata,2015/10/28 03:59,U,0,1
517,Pachyptila,belcheri,2015/10/28 03:59,U,0,1
518,Pachyptila,turtur,2015/10/28 03:59,U,0,1
519,Bulweria,bulwerii,2015/10/28 03:59,U,0,1
520,Bulweria,fallax,2015/10/28 03:59,U,0,1
521,Procellaria,aequinoctialis,2015/10/28 03:59,U,0,1
522,Procellaria,conspicillata,2015/10/28 03:59,U,0,1
523,Procellaria,cinerea,2015/10/28 03:59,U,0,1
524,Calonectris,diomedea,2015/10/28 03:59,U,0,1
525,Calonectris,leucomelas,2015/10/28 03:59,U,0,1
526,Puffinus,gravis,2015/10/28 03:59,U,0,1
527,Puffinus,carneipes,2015/10/28 03:59,U,0,1
528,Puffinus,griseus,2015/10/28 03:59,U,0,1
529,Puffinus,pacificus,2015/10/28 03:59,U,0,1
530,Puffinus,puffinus,2015/10/28 03:59,U,0,1
531,Puffinus,mauretanicus,2015/10/28 03:59,U,0,1
532,Puffinus,lherminieri,2015/10/28 03:59,U,0,1
533,Puffinus,assimilis,2015/10/28 03:59,U,0,1
534,Pitta,angolensis,2015/10/28 03:59,U,0,1
535,Smithornis,capensis,2015/10/28 03:59,U,0,1
536,Oriolus,oriolus,2015/10/28 03:59,U,0,1
537,Oriolus,auratus,2015/10/28 03:59,U,0,1
538,Oriolus,chlorocephalus,2015/10/28 03:59,U,0,1
539,Oriolus,larvatus,2015/10/28 03:59,U,0,1
540,Dicrurus,ludwigii,2015/10/28 03:59,U,0,1
541,Dicrurus,adsimilis,2015/10/28 03:59,U,0,1
542,Trochocercus,cyanomelas,2015/10/28 03:59,U,0,1
543,Terpsiphone,viridis,2015/10/28 03:59,U,0,1
544,Nilaus,afer,2015/10/28 03:59,U,0,1
545,Dryoscopus,cubla,2015/10/28 03:59,U,0,1
546,Antichromus,anchietae,2015/10/28 03:59,U,0,1
547,Tchagra,senegalus,2015/10/28 03:59,U,0,1
548,Tchagra,australis,2015/10/28 03:59,U,0,1
549,Tchagra,tchagra,2015/10/28 03:59,U,0,1
550,Laniarius,aethiopicus,2015/10/28 03:59,U,0,1
551,Laniarius,bicolor,2015/10/28 03:59,U,0,1
552,Laniarius,ferrugineus,2015/10/28 03:59,U,0,1
553,Laniarius,atrococcineus,2015/10/28 03:59,U,0,1
554,Telophorus,zeylonus,2015/10/28 03:59,U,0,1
555,Telophorus,sulfureopectus,2015/10/28 03:59,U,0,1
556,Telophorus,olivaceus,2015/10/28 03:59,U,0,1
557,Telophorus,nigrifrons,2015/10/28 03:59,U,0,1
558,Telophorus,quadricolor,2015/10/28 03:59,U,0,1
559,Malaconotus,blanchoti,2015/10/28 03:59,U,0,1
560,Prionops,plumatus,2015/10/28 03:59,U,0,1
561,Prionops,retzii,2015/10/28 03:59,U,0,1
562,Prionops,scopifrons,2015/10/28 03:59,U,0,1
563,Bias,musicus,2015/10/28 03:59,U,0,1
564,Lanioturdus,torquatus,2015/10/28 03:59,U,0,1
565,Batis,capensis,2015/10/28 03:59,U,0,1
566,Batis,fratrum,2015/10/28 03:59,U,0,1
567,Batis,molitor,2015/10/28 03:59,U,0,1
568,Batis,soror,2015/10/28 03:59,U,0,1
569,Batis,pririt,2015/10/28 03:59,U,0,1
570,Platysteira,peltata,2015/10/28 03:59,U,0,1
571,Corvus,splendens,2015/10/28 03:59,U,0,1
572,Corvus,capensis,2015/10/28 03:59,U,0,1
573,Corvus,albus,2015/10/28 03:59,U,0,1
574,Corvus,albicollis,2015/10/28 03:59,U,0,1
575,Lanius,collurio,2015/10/28 03:59,U,0,1
576,Lanius,souzae,2015/10/28 03:59,U,0,1
577,Lanius,minor,2015/10/28 03:59,U,0,1
578,Lanius,collaris,2015/10/28 03:59,U,0,1
579,Corvinella,melanoleuca,2015/10/28 03:59,U,0,1
580,Eurocephalus,anguitimens,2015/10/28 03:59,U,0,1
581,Coracina,pectoralis,2015/10/28 03:59,U,0,1
582,Coracina,caesia,2015/10/28 03:59,U,0,1
583,Campephaga,flava,2015/10/28 03:59,U,0,1
584,Chaetops,frenatus,2015/10/28 03:59,U,0,1
585,Chaetops,aurantius,2015/10/28 03:59,U,0,1
586,Anthoscopus,minutus,2015/10/28 03:59,U,0,1
587,Anthoscopus,caroli,2015/10/28 03:59,U,0,1
588,Parus,niger,2015/10/28 03:59,U,0,1
589,Parus,carpi,2015/10/28 03:59,U,0,1
590,Parus,rufiventris,2015/10/28 03:59,U,0,1
591,Parus,pallidiventris,2015/10/28 03:59,U,0,1
592,Parus,griseiventris,2015/10/28 03:59,U,0,1
593,Parus,cinerascens,2015/10/28 03:59,U,0,1
594,Parus,afer,2015/10/28 03:59,U,0,1
595,Riparia,riparia,2015/10/28 03:59,U,0,1
596,Riparia,paludicola,2015/10/28 03:59,U,0,1
597,Riparia,cincta,2015/10/28 03:59,U,0,1
598,Phedina,borbonica,2015/10/28 03:59,U,0,1
599,Pseudhirundo,griseopyga,2015/10/28 03:59,U,0,1
600,Hirundo,rustica,2015/10/28 03:59,U,0,1
601,Hirundo,angolensis,2015/10/28 03:59,U,0,1
602,Hirundo,albigularis,2015/10/28 03:59,U,0,1
603,Hirundo,smithii,2015/10/28 03:59,U,0,1
604,Hirundo,atrocaerulea,2015/10/28 03:59,U,0,1
605,Hirundo,dimidiata,2015/10/28 03:59,U,0,1
606,Hirundo,cucullata,2015/10/28 03:59,U,0,1
607,Hirundo,abyssinica,2015/10/28 03:59,U,0,1
608,Hirundo,semirufa,2015/10/28 03:59,U,0,1
609,Hirundo,senegalensis,2015/10/28 03:59,U,0,1
610,Hirundo,daurica,2015/10/28 03:59,U,0,1
611,Hirundo,spilodera,2015/10/28 03:59,U,0,1
612,Hirundo,fuligula,2015/10/28 03:59,U,0,1
613,Delichon,urbicum,2015/10/28 03:59,U,0,1
614,Psalidoprocne,albiceps,2015/10/28 03:59,U,0,1
615,Psalidoprocne,holomelaena,2015/10/28 03:59,U,0,1
616,Psalidoprocne,orientalis,2015/10/28 03:59,U,0,1
617,Pycnonotus,tricolor,2015/10/28 03:59,U,0,1
618,Pycnonotus,nigricans,2015/10/28 03:59,U,0,1
619,Pycnonotus,capensis,2015/10/28 03:59,U,0,1
620,Andropadus,importunus,2015/10/28 03:59,U,0,1
621,Andropadus,milanjensis,2015/10/28 03:59,U,0,1
622,Chlorocichla,flaviventris,2015/10/28 03:59,U,0,1
623,Phyllastrephus,terrestris,2015/10/28 03:59,U,0,1
624,Phyllastrephus,flavostriatus,2015/10/28 03:59,U,0,1
625,Phyllastrephus,debilis,2015/10/28 03:59,U,0,1
626,Nicator,gularis,2015/10/28 03:59,U,0,1
627,Erythrocercus,livingstonei,2015/10/28 03:59,U,0,1
628,Stenostira,scita,2015/10/28 03:59,U,0,1
629,Elminia,albonotata,2015/10/28 03:59,U,0,1
630,Achaetops,pycnopygius,2015/10/28 03:59,U,0,1
631,Sphenoeacus,afer,2015/10/28 03:59,U,0,1
632,Melocichla,mentalis,2015/10/28 03:59,U,0,1
633,Cryptillas,victorini,2015/10/28 03:59,U,0,1
634,Sylvietta,ruficapilla,2015/10/28 03:59,U,0,1
635,Sylvietta,whytii,2015/10/28 03:59,U,0,1
636,Sylvietta,rufescens,2015/10/28 03:59,U,0,1
637,Eremomela,icteropygialis,2015/10/28 03:59,U,0,1
638,Eremomela,scotops,2015/10/28 03:59,U,0,1
639,Eremomela,gregalis,2015/10/28 03:59,U,0,1
640,Eremomela,usticollis,2015/10/28 03:59,U,0,1
641,Schoenicola,brevirostris,2015/10/28 03:59,U,0,1
642,Locustella,fluviatilis,2015/10/28 03:59,U,0,1
643,Bradypterus,baboecala,2015/10/28 03:59,U,0,1
644,Bradypterus,sylvaticus,2015/10/28 03:59,U,0,1
645,Bradypterus,barratti,2015/10/28 03:59,U,0,1
646,Acrocephalus,schoenobaenus,2015/10/28 03:59,U,0,1
647,Acrocephalus,scirpaceus,2015/10/28 03:59,U,0,1
648,Acrocephalus,baeticatus,2015/10/28 03:59,U,0,1
649,Acrocephalus,palustris,2015/10/28 03:59,U,0,1
650,Acrocephalus,arundinaceus,2015/10/28 03:59,U,0,1
651,Acrocephalus,griseldis,2015/10/28 03:59,U,0,1
652,Acrocephalus,rufescens,2015/10/28 03:59,U,0,1
653,Acrocephalus,gracilirostris,2015/10/28 03:59,U,0,1
654,Hippolais,olivetorum,2015/10/28 03:59,U,0,1
655,Hippolais,icterina,2015/10/28 03:59,U,0,1
656,Chloropeta,natalensis,2015/10/28 03:59,U,0,1
657,Phylloscopus,ruficapilla,2015/10/28 03:59,U,0,1
658,Phylloscopus,trochilus,2015/10/28 03:59,U,0,1
659,Hyliota,flavigaster,2015/10/28 03:59,U,0,1
660,Hyliota,australis,2015/10/28 03:59,U,0,1
661,Turdoides,melanops,2015/10/28 03:59,U,0,1
662,Turdoides,hartlaubii,2015/10/28 03:59,U,0,1
663,Turdoides,bicolor,2015/10/28 03:59,U,0,1
664,Turdoides,jardineii,2015/10/28 03:59,U,0,1
665,Turdoides,gymnogenys,2015/10/28 03:59,U,0,1
666,Lioptilus,nigricapillus,2015/10/28 03:59,U,0,1
667,Parisoma,layardi,2015/10/28 03:59,U,0,1
668,Parisoma,subcaeruleum,2015/10/28 03:59,U,0,1
669,Sylvia,atricapilla,2015/10/28 03:59,U,0,1
670,Sylvia,borin,2015/10/28 03:59,U,0,1
671,Sylvia,communis,2015/10/28 03:59,U,0,1
672,Zosterops,senegalensis,2015/10/28 03:59,U,0,1
673,Zosterops,capensis,2015/10/28 03:59,U,0,1
674,Zosterops,pallidus,2015/10/28 03:59,U,0,1
675,Cisticola,erythrops,2015/10/28 03:59,U,0,1
676,Cisticola,cantans,2015/10/28 03:59,U,0,1
677,Cisticola,aberrans,2015/10/28 03:59,U,0,1
678,Cisticola,chiniana,2015/10/28 03:59,U,0,1
679,Cisticola,rufilatus,2015/10/28 03:59,U,0,1
680,Cisticola,subruficapilla,2015/10/28 03:59,U,0,1
681,Cisticola,lais,2015/10/28 03:59,U,0,1
682,Cisticola,galactotes,2015/10/28 03:59,U,0,1
683,Cisticola,luapula,2015/10/28 03:59,U,0,1
684,Cisticola,pipiens,2015/10/28 03:59,U,0,1
685,Cisticola,tinniens,2015/10/28 03:59,U,0,1
686,Cisticola,natalensis,2015/10/28 03:59,U,0,1
687,Cisticola,fulvicapilla,2015/10/28 03:59,U,0,1
688,Cisticola,brachypterus,2015/10/28 03:59,U,0,1
689,Cisticola,juncidis,2015/10/28 03:59,U,0,1
690,Cisticola,aridulus,2015/10/28 03:59,U,0,1
691,Cisticola,textrix,2015/10/28 03:59,U,0,1
692,Cisticola,cinnamomeus,2015/10/28 03:59,U,0,1
693,Cisticola,ayresii,2015/10/28 03:59,U,0,1
694,Prinia,subflava,2015/10/28 03:59,U,0,1
695,Prinia,flavicans,2015/10/28 03:59,U,0,1
696,Prinia,maculosa,2015/10/28 03:59,U,0,1
697,Prinia,hypoxantha,2015/10/28 03:59,U,0,1
698,Phragmacia,substriata,2015/10/28 03:59,U,0,1
699,Oreophilais,robertsi,2015/10/28 03:59,U,0,1
700,Heliolais,erythropterus,2015/10/28 03:59,U,0,1
701,Malcorus,pectoralis,2015/10/28 03:59,U,0,1
702,Apalis,thoracica,2015/10/28 03:59,U,0,1
703,Apalis,flavida,2015/10/28 03:59,U,0,1
704,Apalis,ruddi,2015/10/28 03:59,U,0,1
705,Apalis,melanocephala,2015/10/28 03:59,U,0,1
706,Apalis,chirindensis,2015/10/28 03:59,U,0,1
707,Camaroptera,brachyura,2015/10/28 03:59,U,0,1
708,Camaroptera,brevicaudata,2015/10/28 03:59,U,0,1
709,Calamonastes,fasciolatus,2015/10/28 03:59,U,0,1
710,Calamonastes,stierlingi,2015/10/28 03:59,U,0,1
711,Euryptila,subcinnamomea,2015/10/28 03:59,U,0,1
712,Mirafra,passerina,2015/10/28 03:59,U,0,1
713,Mirafra,cheniana,2015/10/28 03:59,U,0,1
714,Mirafra,africana,2015/10/28 03:59,U,0,1
715,Mirafra,rufocinnamomea,2015/10/28 03:59,U,0,1
716,Mirafra,apiata,2015/10/28 03:59,U,0,1
717,Mirafra,fasciolata,2015/10/28 03:59,U,0,1
718,Heteromirafra,ruddi,2015/10/28 03:59,U,0,1
719,Calendulauda,sabota,2015/10/28 03:59,U,0,1
720,Calendulauda,africanoides,2015/10/28 03:59,U,0,1
721,Calendulauda,burra,2015/10/28 03:59,U,0,1
722,Calendulauda,albescens,2015/10/28 03:59,U,0,1
723,Calendulauda,barlowi,2015/10/28 03:59,U,0,1
724,Calendulauda,erythrochlamys,2015/10/28 03:59,U,0,1
725,Pinarocorys,nigricans,2015/10/28 03:59,U,0,1
726,Ammomanopsis,grayi,2015/10/28 03:59,U,0,1
727,Chersomanes,albofasciata,2015/10/28 03:59,U,0,1
728,Certhilauda,curvirostris,2015/10/28 03:59,U,0,1
729,Certhilauda,brevirostris,2015/10/28 03:59,U,0,1
730,Certhilauda,semitorquata,2015/10/28 03:59,U,0,1
731,Certhilauda,subcoronata,2015/10/28 03:59,U,0,1
732,Certhilauda,benguelensis,2015/10/28 03:59,U,0,1
733,Certhilauda,chuana,2015/10/28 03:59,U,0,1
734,Eremopterix,australis,2015/10/28 03:59,U,0,1
735,Eremopterix,leucotis,2015/10/28 03:59,U,0,1
736,Eremopterix,verticalis,2015/10/28 03:59,U,0,1
737,Calandrella,cinerea,2015/10/28 03:59,U,0,1
738,Spizocorys,starki,2015/10/28 03:59,U,0,1
739,Spizocorys,conirostris,2015/10/28 03:59,U,0,1
740,Spizocorys,fringillaris,2015/10/28 03:59,U,0,1
741,Spizocorys,sclateri,2015/10/28 03:59,U,0,1
742,Galerida,magnirostris,2015/10/28 03:59,U,0,1
743,Salpornis,spilonotus,2015/10/28 03:59,U,0,1
744,Monticola,rupestris,2015/10/28 03:59,U,0,1
745,Monticola,explorator,2015/10/28 03:59,U,0,1
746,Monticola,brevipes,2015/10/28 03:59,U,0,1
747,Monticola,angolensis,2015/10/28 03:59,U,0,1
748,Zoothera,gurneyi,2015/10/28 03:59,U,0,1
749,Zoothera,guttata,2015/10/28 03:59,U,0,1
750,Psophocichla,litsipsirupa,2015/10/28 03:59,U,0,1
751,Turdus,libonyanus,2015/10/28 03:59,U,0,1
752,Turdus,olivaceus,2015/10/28 03:59,U,0,1
753,Turdus,smithi,2015/10/28 03:59,U,0,1
754,Alethe,fuelleborni,2015/10/28 03:59,U,0,1
755,Bradornis,pallidus,2015/10/28 03:59,U,0,1
756,Bradornis,infuscatus,2015/10/28 03:59,U,0,1
757,Bradornis,mariquensis,2015/10/28 03:59,U,0,1
758,Melaenornis,pammelaina,2015/10/28 03:59,U,0,1
759,Sigelus,silens,2015/10/28 03:59,U,0,1
760,Muscicapa,striata,2015/10/28 03:59,U,0,1
761,Muscicapa,adusta,2015/10/28 03:59,U,0,1
762,Muscicapa,caerulescens,2015/10/28 03:59,U,0,1
763,Myioparus,plumbeus,2015/10/28 03:59,U,0,1
764,Ficedula,albicollis,2015/10/28 03:59,U,0,1
765,Pogonocichla,stellata,2015/10/28 03:59,U,0,1
766,Swynnertonia,swynnertoni,2015/10/28 03:59,U,0,1
767,Sheppardia,gunningi,2015/10/28 03:59,U,0,1
768,Luscinia,luscinia,2015/10/28 03:59,U,0,1
769,Cossypha,caffra,2015/10/28 03:59,U,0,1
770,Cossypha,humeralis,2015/10/28 03:59,U,0,1
771,Cossypha,heuglini,2015/10/28 03:59,U,0,1
772,Cossypha,natalensis,2015/10/28 03:59,U,0,1
773,Cossypha,dichroa,2015/10/28 03:59,U,0,1
774,Cichladusa,arquata,2015/10/28 03:59,U,0,1
775,Cichladusa,ruficauda,2015/10/28 03:59,U,0,1
776,Cercotrichas,quadrivirgata,2015/10/28 03:59,U,0,1
777,Cercotrichas,signata,2015/10/28 03:59,U,0,1
778,Cercotrichas,leucophrys,2015/10/28 03:59,U,0,1
779,Cercotrichas,paena,2015/10/28 03:59,U,0,1
780,Cercotrichas,coryphoeus,2015/10/28 03:59,U,0,1
781,Namibornis,herero,2015/10/28 03:59,U,0,1
782,Phoenicurus,phoenicurus,2015/10/28 03:59,U,0,1
783,Saxicola,rubetra,2015/10/28 03:59,U,0,1
784,Saxicola,torquatus,2015/10/28 03:59,U,0,1
785,Oenanthe,bifasciata,2015/10/28 03:59,U,0,1
786,Oenanthe,monticola,2015/10/28 03:59,U,0,1
787,Oenanthe,oenanthe,2015/10/28 03:59,U,0,1
788,Oenanthe,pleschanka,2015/10/28 03:59,U,0,1
789,Oenanthe,pileata,2015/10/28 03:59,U,0,1
790,Oenanthe,isabellina,2015/10/28 03:59,U,0,1
791,Cercomela,sinuata,2015/10/28 03:59,U,0,1
792,Cercomela,schlegelii,2015/10/28 03:59,U,0,1
793,Cercomela,tractrac,2015/10/28 03:59,U,0,1
794,Cercomela,familiaris,2015/10/28 03:59,U,0,1
795,Myrmecocichla,formicivora,2015/10/28 03:59,U,0,1
796,Myrmecocichla,arnoti,2015/10/28 03:59,U,0,1
797,Thamnolaea,cinnamomeiventris,2015/10/28 03:59,U,0,1
798,Pinarornis,plumosus,2015/10/28 03:59,U,0,1
799,Onychognathus,nabouroup,2015/10/28 03:59,U,0,1
800,Onychognathus,morio,2015/10/28 03:59,U,0,1
801,Lamprotornis,corruscus,2015/10/28 03:59,U,0,1
802,Lamprotornis,nitens,2015/10/28 03:59,U,0,1
803,Lamprotornis,chalybaeus,2015/10/28 03:59,U,0,1
804,Lamprotornis,elisabeth,2015/10/28 03:59,U,0,1
805,Lamprotornis,acuticaudus,2015/10/28 03:59,U,0,1
806,Lamprotornis,australis,2015/10/28 03:59,U,0,1
807,Lamprotornis,mevesii,2015/10/28 03:59,U,0,1
808,Cinnyricinclus,leucogaster,2015/10/28 03:59,U,0,1
809,Spreo,bicolor,2015/10/28 03:59,U,0,1
810,Creatophora,cinerea,2015/10/28 03:59,U,0,1
811,Sturnus,vulgaris,2015/10/28 03:59,U,0,1
812,Acridotheres,tristis,2015/10/28 03:59,U,0,1
813,Buphagus,africanus,2015/10/28 03:59,U,0,1
814,Buphagus,erythrorhynchus,2015/10/28 03:59,U,0,1
815,Anthreptes,reichenowi,2015/10/28 03:59,U,0,1
816,Anthreptes,longuemarei,2015/10/28 03:59,U,0,1
817,Anthobaphes,violacea,2015/10/28 03:59,U,0,1
818,Cyanomitra,olivacea,2015/10/28 03:59,U,0,1
819,Cyanomitra,veroxii,2015/10/28 03:59,U,0,1
820,Chalcomitra,amethystina,2015/10/28 03:59,U,0,1
821,Chalcomitra,senegalensis,2015/10/28 03:59,U,0,1
822,Nectarinia,kilimensis,2015/10/28 03:59,U,0,1
823,Nectarinia,famosa,2015/10/28 03:59,U,0,1
824,Hedydipna,collaris,2015/10/28 03:59,U,0,1
825,Cinnyris,manoensis,2015/10/28 03:59,U,0,1
826,Cinnyris,chalybeus,2015/10/28 03:59,U,0,1
827,Cinnyris,afer,2015/10/28 03:59,U,0,1
828,Cinnyris,neergaardi,2015/10/28 03:59,U,0,1
829,Cinnyris,venustus,2015/10/28 03:59,U,0,1
830,Cinnyris,talatala,2015/10/28 03:59,U,0,1
831,Cinnyris,cupreus,2015/10/28 03:59,U,0,1
832,Cinnyris,fuscus,2015/10/28 03:59,U,0,1
833,Cinnyris,shelleyi,2015/10/28 03:59,U,0,1
834,Cinnyris,mariquensis,2015/10/28 03:59,U,0,1
835,Cinnyris,bifasciatus,2015/10/28 03:59,U,0,1
836,Promerops,gurneyi,2015/10/28 03:59,U,0,1
837,Promerops,cafer,2015/10/28 03:59,U,0,1
838,Bubalornis,niger,2015/10/28 03:59,U,0,1
839,Sporopipes,squamifrons,2015/10/28 03:59,U,0,1
840,Plocepasser,mahali,2015/10/28 03:59,U,0,1
841,Philetairus,socius,2015/10/28 03:59,U,0,1
842,Ploceus,intermedius,2015/10/28 03:59,U,0,1
843,Ploceus,ocularis,2015/10/28 03:59,U,0,1
844,Ploceus,capensis,2015/10/28 03:59,U,0,1
845,Ploceus,subaureus,2015/10/28 03:59,U,0,1
846,Ploceus,xanthops,2015/10/28 03:59,U,0,1
847,Ploceus,xanthopterus,2015/10/28 03:59,U,0,1
848,Ploceus,velatus,2015/10/28 03:59,U,0,1
849,Ploceus,cucullatus,2015/10/28 03:59,U,0,1
850,Ploceus,rubiginosus,2015/10/28 03:59,U,0,1
851,Ploceus,bicolor,2015/10/28 03:59,U,0,1
852,Ploceus,olivaceiceps,2015/10/28 03:59,U,0,1
853,Anaplectes,rubriceps,2015/10/28 03:59,U,0,1
854,Quelea,cardinalis,2015/10/28 03:59,U,0,1
855,Quelea,erythrops,2015/10/28 03:59,U,0,1
856,Quelea,quelea,2015/10/28 03:59,U,0,1
857,Euplectes,afer,2015/10/28 03:59,U,0,1
858,Euplectes,hordeaceus,2015/10/28 03:59,U,0,1
859,Euplectes,orix,2015/10/28 03:59,U,0,1
860,Euplectes,capensis,2015/10/28 03:59,U,0,1
861,Euplectes,axillaris,2015/10/28 03:59,U,0,1
862,Euplectes,macrourus,2015/10/28 03:59,U,0,1
863,Euplectes,albonotatus,2015/10/28 03:59,U,0,1
864,Euplectes,ardens,2015/10/28 03:59,U,0,1
865,Euplectes,progne,2015/10/28 03:59,U,0,1
866,Amblyospiza,albifrons,2015/10/28 03:59,U,0,1
867,Paludipasser,locustella,2015/10/28 03:59,U,0,1
868,Amandava,subflava,2015/10/28 03:59,U,0,1
869,Ortygospiza,atricollis,2015/10/28 03:59,U,0,1
870,Amadina,erythrocephala,2015/10/28 03:59,U,0,1
871,Amadina,fasciata,2015/10/28 03:59,U,0,1
872,Coccopygia,quartinia,2015/10/28 03:59,U,0,1
873,Coccopygia,melanotis,2015/10/28 03:59,U,0,1
874,Mandingoa,nitidula,2015/10/28 03:59,U,0,1
875,Cryptospiza,reichenovii,2015/10/28 03:59,U,0,1
876,Estrilda,erythronotos,2015/10/28 03:59,U,0,1
877,Estrilda,perreini,2015/10/28 03:59,U,0,1
878,Estrilda,thomensis,2015/10/28 03:59,U,0,1
879,Estrilda,astrild,2015/10/28 03:59,U,0,1
880,Pyrenestes,minor,2015/10/28 03:59,U,0,1
881,Granatina,granatina,2015/10/28 03:59,U,0,1
882,Uraeginthus,angolensis,2015/10/28 03:59,U,0,1
883,Hypargos,niveoguttatus,2015/10/28 03:59,U,0,1
884,Hypargos,margaritatus,2015/10/28 03:59,U,0,1
885,Pytilia,melba,2015/10/28 03:59,U,0,1
886,Pytilia,afra,2015/10/28 03:59,U,0,1
887,Lagonosticta,senegala,2015/10/28 03:59,U,0,1
888,Lagonosticta,nitidula,2015/10/28 03:59,U,0,1
889,Lagonosticta,rubricata,2015/10/28 03:59,U,0,1
890,Lagonosticta,rhodopareia,2015/10/28 03:59,U,0,1
891,Spermestes,cucullatus,2015/10/28 03:59,U,0,1
892,Spermestes,fringilloides,2015/10/28 03:59,U,0,1
893,Spermestes,bicolor,2015/10/28 03:59,U,0,1
894,Vidua,chalybeata,2015/10/28 03:59,U,0,1
895,Vidua,funerea,2015/10/28 03:59,U,0,1
896,Vidua,codringtoni,2015/10/28 03:59,U,0,1
897,Vidua,purpurascens,2015/10/28 03:59,U,0,1
898,Vidua,regia,2015/10/28 03:59,U,0,1
899,Vidua,macroura,2015/10/28 03:59,U,0,1
900,Vidua,paradisaea,2015/10/28 03:59,U,0,1
901,Vidua,obtusa,2015/10/28 03:59,U,0,1
902,Anomalospiza,imberbis,2015/10/28 03:59,U,0,1
903,Passer,domesticus,2015/10/28 03:59,U,0,1
904,Passer,motitensis,2015/10/28 03:59,U,0,1
905,Passer,melanurus,2015/10/28 03:59,U,0,1
906,Passer,diffusus,2015/10/28 03:59,U,0,1
907,Passer,griseus,2015/10/28 03:59,U,0,1
908,Petronia,superciliaris,2015/10/28 03:59,U,0,1
909,Motacilla,aguimp,2015/10/28 03:59,U,0,1
910,Motacilla,capensis,2015/10/28 03:59,U,0,1
911,Motacilla,flava,2015/10/28 03:59,U,0,1
912,Motacilla,citreola,2015/10/28 03:59,U,0,1
913,Motacilla,cinerea,2015/10/28 03:59,U,0,1
914,Motacilla,clara,2015/10/28 03:59,U,0,1
915,Tmetothylacus,tenellus,2015/10/28 03:59,U,0,1
916,Macronyx,croceus,2015/10/28 03:59,U,0,1
917,Macronyx,capensis,2015/10/28 03:59,U,0,1
918,Macronyx,ameliae,2015/10/28 03:59,U,0,1
919,Anthus,chloris,2015/10/28 03:59,U,0,1
920,Anthus,lineiventris,2015/10/28 03:59,U,0,1
921,Anthus,crenatus,2015/10/28 03:59,U,0,1
922,Anthus,cinnamomeus,2015/10/28 03:59,U,0,1
923,Anthus,hoeschi,2015/10/28 03:59,U,0,1
924,Anthus,leucophrys,2015/10/28 03:59,U,0,1
925,Anthus,vaalensis,2015/10/28 03:59,U,0,1
926,Anthus,longicaudatus,2015/10/28 03:59,U,0,1
927,Anthus,similis,2015/10/28 03:59,U,0,1
928,Anthus,pseudosimilis,2015/10/28 03:59,U,0,1
929,Anthus,nyassae,2015/10/28 03:59,U,0,1
930,Anthus,brachyurus,2015/10/28 03:59,U,0,1
931,Anthus,caffer,2015/10/28 03:59,U,0,1
932,Anthus,trivialis,2015/10/28 03:59,U,0,1
933,Anthus,cervinus,2015/10/28 03:59,U,0,1
934,Fringilla,coelebs,2015/10/28 03:59,U,0,1
935,Serinus,canicollis,2015/10/28 03:59,U,0,1
936,Serinus,alario,2015/10/28 03:59,U,0,1
937,Crithagra,mozambicus,2015/10/28 03:59,U,0,1
938,Crithagra,atrogularis,2015/10/28 03:59,U,0,1
939,Crithagra,citrinipectus,2015/10/28 03:59,U,0,1
940,Crithagra,scotops,2015/10/28 03:59,U,0,1
941,Crithagra,flaviventris,2015/10/28 03:59,U,0,1
942,Crithagra,sulphuratus,2015/10/28 03:59,U,0,1
943,Crithagra,albogularis,2015/10/28 03:59,U,0,1
944,Crithagra,leucopterus,2015/10/28 03:59,U,0,1
945,Crithagra,gularis,2015/10/28 03:59,U,0,1
946,Crithagra,mennelli,2015/10/28 03:59,U,0,1
947,Crithagra,totta,2015/10/28 03:59,U,0,1
948,Crithagra,symonsi,2015/10/28 03:59,U,0,1
949,Emberiza,impetuani,2015/10/28 03:59,U,0,1
950,Emberiza,tahapisi,2015/10/28 03:59,U,0,1
951,Emberiza,capensis,2015/10/28 03:59,U,0,1
952,Emberiza,flaviventris,2015/10/28 03:59,U,0,1
953,Emberiza,cabanisi,2015/10/28 03:59,U,0,1
